train_loss,epoch,step,val_loss
24.068885803222656,0,49,
11.89023208618164,0,99,
2.730191230773926,0,149,
,0,166,2.6413042545318604
