{
    "accidents": {
        "mean": 2.5364668369293213,
        "50th": 1.3531702756881714,
        "90th": 4.3968001365661635,
        "95th": 7.37887210845948,
        "99th": 20.20093767166142,
        "max": 107.7083511352539
    },
    "airline": {
        "mean": 4.605188846588135,
        "50th": 3.0849932432174683,
        "90th": 7.206569004058851,
        "95th": 11.72584867477417,
        "99th": 32.795711898803766,
        "max": 79.93599700927734
    },
    "baseball": {
        "mean": 4.196760177612305,
        "50th": 1.7192150354385376,
        "90th": 9.081532859802246,
        "95th": 16.708415126800546,
        "99th": 40.050794029235846,
        "max": 204.7129669189453
    },
    "carcinogenesis": {
        "mean": 2.6383860111236572,
        "50th": 1.6618071794509888,
        "90th": 4.872758102417002,
        "95th": 7.154322791099555,
        "99th": 18.272608814239504,
        "max": 93.22246551513672
    },
    "consumer": {
        "mean": 1.5929232835769653,
        "50th": 1.3798968195915222,
        "90th": 2.3260908842086794,
        "95th": 2.711595988273622,
        "99th": 4.305987725257887,
        "max": 18.833038330078125
    },
    "credit": {
        "mean": 1.4989840984344482,
        "50th": 1.3038013577461243,
        "90th": 2.0650217056274416,
        "95th": 2.7057322978973395,
        "99th": 4.110488753318792,
        "max": 33.70656204223633
    },
    "employee": {
        "mean": 1.6093648672103882,
        "50th": 1.4400055408477783,
        "90th": 2.384676551818848,
        "95th": 2.7285083293914796,
        "99th": 3.6587073659896903,
        "max": 9.186410903930664
    },
    "fhnk": {
        "mean": 2.240199327468872,
        "50th": 1.6192620992660522,
        "90th": 3.715435528755188,
        "95th": 4.767367458343508,
        "99th": 8.287953681945831,
        "max": 99.46418762207031
    },
    "financial": {
        "mean": 1.6878114938735962,
        "50th": 1.4940980076789856,
        "90th": 2.4566782236099254,
        "95th": 2.8407296657562258,
        "99th": 3.9605669689178473,
        "max": 38.75010681152344
    },
    "tournament": {
        "mean": 3.777168035507202,
        "50th": 1.6081234812736511,
        "90th": 5.221548795700081,
        "95th": 11.637446689605726,
        "99th": 50.525746917724646,
        "max": 150.30169677734375
    }
}