{
    "Test Set 1 (train 30%)": {
        "50th": 1.3687628507614136,
        "75th": 2.0386242866516113,
        "90th": 4.06699275970459,
        "95th": 7.131086349487305,
        "99th": 21.319835662841797,
        "max": 3030.70703125,
        "mean": 2.6297245025634766
    },
    "Test Set 2 (job_light)": {
        "50th": 2.4679434299468994,
        "75th": 9.613980293273926,
        "90th": 29.651884078979492,
        "95th": 64.62092590332031,
        "99th": 182.01516723632812,
        "max": 248.1020965576172,
        "mean": 15.251182556152344
    },
    "Test Set 3 (synthetic)": {
        "50th": 1.3841288089752197,
        "75th": 1.8721156120300293,
        "90th": 3.6433348655700684,
        "95th": 7.0250163078308105,
        "99th": 22.320934295654297,
        "max": 133.98121643066406,
        "mean": 2.6633126735687256
    }
}