{
    "job_light": {
        "mean": 21.17881202697754,
        "50th": 2.3221346139907837,
        "90th": 16.230137062072753,
        "95th": 110.07510643005352,
        "99th": 363.9528634643561,
        "max": 548.5449829101562
    },
    "synthetic": {
        "mean": 4.001533508300781,
        "50th": 1.3743153810501099,
        "90th": 3.6500640630722048,
        "95th": 10.443149805068947,
        "99th": 63.038372116088865,
        "max": 226.76806640625
    }
}