{
    "geneea": {
        "mean": 2.3746728897094727,
        "50th": 1.6842206120491028,
        "90th": 3.3870397806167607,
        "95th": 5.421340012550355,
        "99th": 17.760714511871353,
        "max": 52.91586685180664
    },
    "genome": {
        "mean": 1.9362120628356934,
        "50th": 1.5608282685279846,
        "90th": 3.1210917949676515,
        "95th": 3.7103392004966746,
        "99th": 6.552136654853824,
        "max": 50.061363220214844
    },
    "hepatitis": {
        "mean": 1.9639452695846558,
        "50th": 1.4505220651626587,
        "90th": 2.1028221130371096,
        "95th": 2.69970442056656,
        "99th": 16.071718940734893,
        "max": 105.71747589111328
    },
    "imdb_full": {
        "mean": 1.8093855381011963,
        "50th": 1.6016223430633545,
        "90th": 2.6976775884628297,
        "95th": 3.141887414455414,
        "99th": 4.557861189842232,
        "max": 16.67115020751953
    },
    "movielens": {
        "mean": 1.7954533100128174,
        "50th": 1.5084755420684814,
        "90th": 2.5655843496322635,
        "95th": 3.2513599395751966,
        "99th": 6.68494992256171,
        "max": 25.519704818725586
    },
    "seznam": {
        "mean": 1.6058093309402466,
        "50th": 1.380200982093811,
        "90th": 2.372839713096619,
        "95th": 2.7518994212150596,
        "99th": 4.690228281021119,
        "max": 14.609488487243652
    },
    "ssb": {
        "mean": 1.4748966693878174,
        "50th": 1.2849476337432861,
        "90th": 1.7742200016975402,
        "95th": 2.1268460512161256,
        "99th": 5.320613484382642,
        "max": 11.02469253540039
    },
    "tournament": {
        "mean": 3.248569965362549,
        "50th": 1.6549309492111206,
        "90th": 4.304189300537112,
        "95th": 9.827254962921174,
        "99th": 36.20786411285402,
        "max": 112.61121368408203
    },
    "tpc_h": {
        "mean": 2.2035510540008545,
        "50th": 1.664654016494751,
        "90th": 3.884669542312627,
        "95th": 5.319144749641419,
        "99th": 8.588696670532274,
        "max": 33.7921257019043
    },
    "walmart": {
        "mean": 1.4809190034866333,
        "50th": 1.321695864200592,
        "90th": 2.0515113592147833,
        "95th": 2.762420630455019,
        "99th": 3.769760434627536,
        "max": 5.954419136047363
    }
}